"pmcid","doi","open_data_statements","open_data_links"
"PMC6433706","10.3389/fneur.2019.00250","The datasets supporting the conclusions of this article are included within the article.",""
"PMC9676488","10.3389/fmed.2022.979207","The original contributions presented in the study are included in the article/supplementary material, further inquiries can be directed to the corresponding author.",""
"PMC7732636","10.3389/fnhum.2020.558703","The original contributions presented in the study are included in the article/supplementary materials, further inquiries can be directed to the corresponding author/s. | The original contributions presented in the study are included in the article/supplementary materials, further inquiries can be directed to the corresponding author/s.",""
"PMC8757710","10.3389/froh.2020.575176","The original contributions presented in the study are included in the article/supplementary material, further inquiries can be directed to the corresponding author/s. | The original contributions presented in the study are included in the article/supplementary material, further inquiries can be directed to the corresponding author/s.",""
"PMC11371630","10.3389/fendo.2024.1428125","The original contributions presented in the study are included in the article/Supplementary Material.",""
"PMC8442130","10.1177/0964528420961398","The system allowed for the data to be exported in .csv format for subsequent analysis.",""
"PMC9580113","10.1186/s12906-022-03740-9","Availability of data and materialsAll data generated or analyzed during this study are included in this article [and its supplementary information files]. | All data generated or analyzed during this study are included in this article [and its supplementary information files].",""
"PMC7397982","10.7717/peerj.9323","The raw data are available in a Supplemental File.",""
"PMC9225274","10.3390/jcm11123446","Data Availability StatementThe raw scores at reassessments are reported in the Supplementary Materials.",""
"PMC8208610","10.1186/s12891-021-04308-3","Availability of data and materialsAll data generated or analysed during this study are included in this published article [and its supplementary information files]. | All data generated or analysed during this study are included in this published article [and its supplementary information files].",""
"PMC8574186","10.1002/jmd2.12240","Norwegian ethical and legal restrictions prevent us from uploading data to public repositories or including the full dataset as Supplementary Material. | Norwegian ethical and legal restrictions prevent us from uploading data to public repositories or including the full dataset as Supplementary Material.",""
"PMC10514352","10.3389/fnins.2023.1211438","The original contributions presented in the study are included in the article/Supplementary material, further inquiries can be directed to the corresponding author.",""
"PMC8190005","10.1007/s12325-021-01758-y","The datasets supporting the conclusions of this article are included within the article and its supplementary material.",""
"PMC6905535","10.1371/journal.pone.0226304","All relevant data are within the paper and its Supporting Information files. | All relevant data are within the paper and its Supporting Information files.",""
"PMC7821531","10.1186/s13018-020-02144-0","The raw data are presented in the supplementary materials (Supplementary Table.",""
"PMC7100546","10.3389/fbioe.2020.00202","All datasets generated for this study are included in the article/Supplementary Material.",""
"PMC7116561","10.1016/j.joca.2020.11.001","Before any analyses commenced, the statistical analysis plan was uploaded to the Open Science Framework where the statistical codes used for the main analyses are also available (https://osf.io/8vdhq/).","https://osf.io/8vdhq/"
"PMC7368679","10.1186/s12906-020-02985-6","Availability of data and materialsAll data generated or analyzed during this study are included in this published article and its supplementary information files. | All data generated or analyzed during this study are included in this published article and its supplementary information files.",""
"PMC7326162","10.1371/journal.pone.0235377","Data AvailabilityAll relevant data are within the manuscript and its Supporting Information files.",""
"PMC6884913","10.1186/s13018-019-1412-6","The Home Visit improved patient’s satisfaction after total knee replacement data used to support the findings of this study are included within this article. | The Home Visit improved patient’s satisfaction after total knee replacement data used to support the findings of this study are included within this article.",""
"PMC7386972","10.1097/MD.0000000000021283","All data generated or analyzed during this study are included in this published article [and its supplementary information files].",""
"PMC5922537","10.1371/journal.pone.0195574","Data AvailabilityAll relevant data are within the paper and its Supporting Information files.",""
"PMC5589124","10.1371/journal.pone.0183635","Data AvailabilityAll relevant data are within the paper and its Supporting Information files.",""
"PMC5882102","10.1371/journal.pone.0193233","Data AvailabilityAll relevant data are within the paper and its Supporting Information files.",""
"PMC9703652","10.1186/s13075-022-02953-0","Availability of data and materialsAll data generated or analyzed during this study are included in this published article and its supplementary information files. | All data generated or analyzed during this study are included in this published article and its supplementary information files.",""
"PMC7690322","10.3389/fvets.2020.512523","All datasets generated for this study are included in the article/Supplementary Material. | All datasets generated for this study are included in the article/Supplementary Material.",""
"PMC5790239","10.1371/journal.pone.0191774","Data AvailabilityAll relevant data are within the paper and its Supporting Information files.",""
"PMC5524330","10.1371/journal.pone.0179185","Data AvailabilityAll relevant data are within the paper and its Suporting Information files.",""
"PMC7717742","10.1097/MD.0000000000023343","All data generated or analyzed during this study are included in this published article [and its supplementary information files].",""
"PMC5955537","10.1371/journal.pone.0197630","All relevant data are within the paper and its Supporting Information files. | All relevant data are within the paper and its Supporting Information files.",""
"PMC4831820","10.1371/journal.pone.0153606","The data file is available from the Open Science Framework database (osf.io/3huwz).",""
"PMC8577893","10.1155/2021/7908429","The datasets supporting the conclusions of this study are included within the article.",""
"PMC8491942","10.1371/journal.pntd.0009794","Data AvailabilityAll relevant data are within the manuscript and its Supporting Information file.",""
"PMC8008691","10.1186/s12891-021-04173-0","Availability of data and materialsAll data generated or analysed during this study are included in this published article [and its supplementary information files]. | All data generated or analysed during this study are included in this published article [and its supplementary information files].",""
"PMC8031371","10.1371/journal.pone.0249862","All relevant data are within the paper and its Supporting information files. | All relevant data are within the paper and its Supporting information files.",""
"PMC6324803","10.1371/journal.pone.0209646","All relevant data are within the paper and its Supporting Information files. | All relevant data are within the paper and its Supporting Information files.",""
"PMC5295763","10.1371/journal.pone.0170952","All relevant data are within the paper and its Supporting Information files. | All relevant data are within the paper and its Supporting Information files.",""
"PMC5626678","10.1186/s40634-017-0108-2","All data generated or analysed during this study are included in this published article. | All data generated or analysed during this study are included in this published article.",""
"PMC5587299","10.1371/journal.pone.0182114","Data AvailabilityThe data are stored at Mendeley.com (doi:10.17632/hb3fw7y3vw.2).","https://doi.org/10.17632/hb3fw7y3vw.2"
"PMC6192643","10.1371/journal.pone.0205959","Data AvailabilityAll relevant data are within the paper and its Supporting Information files.",""
"PMC6345453","10.1371/journal.pone.0211042","All analysed data are stored in the zipped file ""Dataset lumbar belt final.zip"" that contains ODI scores, VAS scores, the time normalized sEMG data, and the anthropometric characteristics of all study participants. | All analysed data are stored in the zipped file ""Dataset lumbar belt final.zip"" that contains ODI scores, VAS scores, the time normalized sEMG data, and the anthropometric characteristics of all study participants.",""
"PMC4406515","10.1371/journal.pone.0124808","The raw data for this and all other collected data can be found in the supporting information (S1 Raw Data). | All relevant data are within the paper and its Supporting Information files. | All relevant data are within the paper and its Supporting Information files.",""
"PMC5385030","10.1186/s12891-017-1469-5","All data generated or analysed during this study are included in this published article [and its supplementary information files].",""
"PMC13332716","10.7717/peerj.21202","The raw data are available in the Supplemental File. | The raw data are available in the Supplemental File.",""
"PMC12843546","10.1371/journal.pone.0340864","Data AvailabilityAll relevant data are within the paper and its Supporting information files.",""
"PMC13466977","10.3390/jcm15156014","The original contributions presented in this study are included in the article. | The original contributions presented in this study are included in the article.",""
"PMC13514275","10.3390/life16081217","All data analyzed during this study are included in this published article and its Supplementary Information files. | All data analyzed during this study are included in this published article and its Supplementary Information files.",""
"PMC12908279","10.1186/s12903-026-07735-7","Data availabilityThe authors confirm that the data supporting the findings of this study are available within the article. | The authors confirm that the data supporting the findings of this study are available within the article.",""
"PMC13014839","10.1186/s12906-026-05288-4","Data is provided within the manuscript or supplementary information files. | Data is provided within the manuscript or supplementary information files.",""
"PMC13157544","10.1177/20503121261448294","All data analyzed in this study were included in the manuscript. | All data analyzed in this study were included in the manuscript.",""
"PMC13414114","10.3390/medicina62071414","Data Availability StatementAll data generated and/or analyzed during this study are included in this manuscript. | All data generated and/or analyzed during this study are included in this manuscript.",""
"PMC13453140","10.7717/peerj.21582","The raw data is available in the Supplemental Files.",""
"PMC13407280","10.3389/fphys.2026.1890510","The original contributions presented in the study are included in the article/Supplementary Material. | The original contributions presented in the study are included in the article/Supplementary Material.",""
"PMC13427461","10.1016/j.rcsop.2026.100824","All data generated or analyzed during this study are included in this published article.",""
"PMC13314455","10.3389/fmed.2026.1799943","The original contributions presented in the study are included in the article/supplementary material, further inquiries can be directed to the corresponding author.",""
"PMC13208389","10.3390/medicina62050994","The original contributions presented in this study are included in the article/Supplementary Materials. | The original contributions presented in this study are included in the article/Supplementary Materials.",""
"PMC13499540","10.2147/JPR.S634945","Additional details regarding data availability and sharing procedures are provided in Supplement 3.",""
"PMC13361691","10.3390/healthcare14132005","Data Availability StatementAll data generated or analyzed during this study are included in this published article and its supplementary information files. | All data generated or analyzed during this study are included in this published article and its supplementary information files.",""
"PMC13503159","10.3389/fnut.2026.1806413","The original contributions presented in the study are included in the article/Supplementary material, further inquiries can be directed to the corresponding authors.",""
"PMC13487496","10.3389/fneur.2026.1875550","The original contributions presented in the study are included in the article/Supplementary material, further inquiries can be directed to the corresponding author.",""
"PMC13117759","10.3390/medicina62040677","Data Availability StatementData are provided within the manuscript or Supplementary Materials files. | Data are provided within the manuscript or Supplementary Materials files.",""
"PMC13163594","10.3390/jcm15093466","The original contributions presented in the study are included in the article, further inquiries can be directed at the corresponding author. | The original contributions presented in the study are included in the article, further inquiries can be directed at the corresponding author.",""
"PMC13443308","10.3389/fsurg.2026.1874007","The datasets presented in this study can be found in online repositories. | The datasets presented in this study can be found in online repositories.",""
"PMC13365652","10.1177/1759720X261463350","All data supporting the findings of this systematic review are available within the manuscript, and the original published studies cited in the reference list.",""
"PMC13362486","10.3390/healthcare14131884","Data Availability StatementThe original contributions presented in this study are included in the article. | The original contributions presented in this study are included in the article.",""
"PMC12853788","10.1186/s13102-025-01503-w","All data generated or analyzed during this study are included in this published article. | All data generated or analyzed during this study are included in this published article.",""
"PMC13522748","10.3389/fonc.2026.1858955","The datasets presented in this study can be found in online repositories. | The datasets presented in this study can be found in online repositories.",""
"PMC13026147","10.3390/jcm15062142","The data presented in this study are available within the article. | The data presented in this study are available within the article.",""
"PMC13321678","10.1186/s43019-026-00315-7","Complete data for all time points are available in Fig. 3 and Supplementary Table S2.",""
"PMC12979920","10.1177/15347354261426272","All relevant data is available in the supplements.",""
"PMC13426918","10.1371/journal.pone.0350882","Data AvailabilityAll relevant data are within the manuscript and its Supporting information files.",""
"PMC13319046","10.3389/fpain.2026.1843756","The original contributions presented in the study are included in the article/Supplementary Material, further inquiries can be directed to the corresponding author.",""
"PMC12757406","10.3389/fphar.2025.1657065","The CANOA trial was registered on ClinicalTrials.gov (NCT06588972) and on Mendeley Data Repository (10.17632/fw6bftyrf2.1).","https://doi.org/10.17632/fw6bftyrf2.1"
"PMC13101354","10.1186/s12903-026-07989-1","The datasets generated and/or analysed during this systematic review are included in this published article and its supplementary information files. | The datasets generated and/or analysed during this systematic review are included in this published article and its supplementary information files.",""
"PMC13481512","10.3389/fmed.2026.1818732","The original contributions presented in the study are included in the article/Supplementary material, further inquiries can be directed to the corresponding authors.",""
"PMC13386418","10.3389/fresc.2026.1806911","The original contributions presented in the study are included in the article/Supplementary Material, further inquiries can be directed to the corresponding author. | The original contributions presented in the study are included in the article/Supplementary Material, further inquiries can be directed to the corresponding author.",""
"PMC12155135","10.3390/jcm14113633","The original contributions presented in this study are included in the article/Supplementary Materials. | The original contributions presented in this study are included in the article/Supplementary Materials.",""
"PMC13223018","10.3389/fsurg.2026.1830335","The original contributions presented in the study are included in the article/Supplementary Material; further inquiries can be directed to the corresponding authors.",""
"PMC13012920","10.3389/fendo.2026.1750441","The original contributions presented in the study are included in the article/Supplementary Material. | The original contributions presented in the study are included in the article/Supplementary Material.",""
"PMC12918608","10.1186/s13018-025-06641-y","All data generated or analysed during this study are included in this published article and its supplementary information files. | All data generated or analysed during this study are included in this published article and its supplementary information files.",""
"PMC13403815","10.1186/s10194-026-02405-z","Data availabilityAll data supporting the findings of this study are available within the paper and its supplementary information. | All data supporting the findings of this study are available within the paper and its supplementary information.",""
"PMC13223986","10.1016/j.eclinm.2026.103982","A detailed accounting of data availability is provided in the Supplementary Materials Table S10.",""
"PMC13241955","10.2340/aos.v85.45787","All data generated or analyzed during this study are included in this article and its supplementary information files. | All data generated or analyzed during this study are included in this article and its supplementary information files.",""
"PMC13067472","10.1186/s12871-026-03714-1","Data availabilityall data generated or analysed during this study are included in this published article and its supplementary information files. | all data generated or analysed during this study are included in this published article and its supplementary information files.",""
"PMC13174003","10.1186/s12891-026-09796-9","Data availabilityAll data generated or analyzed during this study are included in this published article. | All data generated or analyzed during this study are included in this published article.",""
"PMC12933238","10.2147/JPR.S573822","All data generated or analyzed during this study are included in the published article. | All data generated or analyzed during this study are included in the published article.",""
"PMC13294271","10.3389/fmed.2026.1683230","The original contributions presented in the study are included in the article/supplementary material, further inquiries can be directed to the corresponding author.",""
"PMC13214908","10.3390/medicines13020017","However, to maximize transparency and reproducibility, the study protocol and methodological details have since been retrospectively deposited on the Open Science Framework (OSF) and can be accessed at osf.io/qmvtn.",""
"PMC12985770","10.3390/jcm15052048","Data Availability StatementAll relevant data generated or analyzed during this study are included in this published article. | All relevant data generated or analyzed during this study are included in this published article.",""
"PMC12971529","10.3389/fsurg.2026.1756840","The original contributions presented in the study are included in the article, further inquiries can be directed to the corresponding author.",""
"PMC12513683","10.2196/64066","All data generated or analyzed during this study are included in this published paper.",""
"PMC13118205","10.3390/medicina62040623","Data Availability StatementThe original contributions presented in this study are included in the article/Supplementary Material. | The original contributions presented in this study are included in the article/Supplementary Material.",""
"PMC13442384","10.3389/fpain.2026.1884385","The original contributions presented in the study are included in the article/Supplementary Material, further inquiries can be directed to the corresponding author.",""
"PMC12752976","10.1371/journal.pone.0339677","Data AvailabilityAll relevant data are within the paper and its Supporting Information files.",""
"PMC12938686","10.3389/fnut.2025.1660481","The original contributions presented in the study are included in the article/supplementary material, further inquiries can be directed to the corresponding authors. | The original contributions presented in the study are included in the article/supplementary material, further inquiries can be directed to the corresponding authors.",""
"PMC13381469","10.3389/fpubh.2026.1805462","The original contributions presented in the study are included in the article/supplementary material, further inquiries can be directed to the corresponding author/s. | The original contributions presented in the study are included in the article/supplementary material, further inquiries can be directed to the corresponding author/s.",""
"PMC13223908","10.22514/jofph.2026.036","Some or all data generated or analyzed during this study are included in this published article or the data repositories listed in the References section. | Some or all data generated or analyzed during this study are included in this published article or the data repositories listed in the References section.",""
"PMC13274525","10.3389/fneur.2026.1812211","The original contributions presented in the study are included in the article/supplementary material, further inquiries can be directed to the corresponding author.",""
"PMC12764887","10.1038/s41598-025-30275-z","The anonymised datasets generated and analysed during the current study are available in the Zenodo repository at [https://doi.org/10.5281/zenodo.17141636](https:/doi.org/10.5281/zenodo.17141636). | The anonymised datasets generated and analysed during the current study are available in the Zenodo repository at [https://doi.org/10.5281/zenodo.17141636](https:/doi.org/10.5281/zenodo.17141636).","https://doi.org/10.5281/zenodo.17141636"
"PMC13044584","10.3389/fphar.2026.1708694","The original contributions presented in the study are included in the article/Supplementary Material, further inquiries can be directed to the corresponding authors.",""
"PMC13237677","10.3389/fmed.2026.1810683","The original contributions presented in the study are included in the article/supplementary material, further inquiries can be directed to the corresponding authors. | The original contributions presented in the study are included in the article/supplementary material, further inquiries can be directed to the corresponding authors.",""
"PMC12683818","10.1186/s13287-025-04799-0","All data generated or analyzed during this study are included in this published article. | All data generated or analyzed during this study are included in this published article.",""
"PMC12939812","10.3390/diagnostics16040592","Missing data summaries are provided in Supplementary Materials, and the primary analyses were conducted using a complete-case approach.",""
"PMC13110748","10.2147/JPR.S602089","All data generated or analyzed during this study are included in this published article.",""
"PMC13005358","10.1186/s12875-026-03212-w","All data generated or analysed during this study are included in this published article. | All data generated or analysed during this study are included in this published article.",""
"PMC13501665","10.1186/s12887-026-07117-6","Data availabilityAll data analysed during this study are included in this published article. | All data analysed during this study are included in this published article.",""
"PMC13027921","10.3390/jfb17030127","Data Availability StatementThe original contributions presented in the study are included in the article, further inquiries can be directed to the corresponding authors. | The original contributions presented in the study are included in the article, further inquiries can be directed to the corresponding authors.",""
"PMC13291153","10.3389/fsurg.2026.1665131","The original contributions presented in the study are included in the article/Supplementary Material, further inquiries can be directed to the corresponding author/s.",""
"PMC13180124","10.1177/17448069261444495","The data used to support the findings of this study are included in the article.",""
"PMC13182322","10.3389/fpsyt.2026.1822963","The original contributions presented in the study are included in the article/supplementary material. | The original contributions presented in the study are included in the article/supplementary material.",""
"PMC12981242","10.7717/peerj.20776","The raw data are available in the Supplemental Files. | The raw data are available in the Supplemental Files.",""
"PMC12588162","10.3389/fneur.2025.1682650","The original contributions presented in the study are included in the article/Supplementary material, further inquiries can be directed to the corresponding author.",""
"PMC12892781","10.1186/s12905-026-04268-7","Data availabilityAll data generated or analysed during this study are included in this published article [and its supplementary information files]. | All data generated or analysed during this study are included in this published article [and its supplementary information files].",""
"PMC12584369","10.1186/s13018-025-06393-9","Data availabilityAll data generated or analyzed during this study are included in this published article. | All data generated or analyzed during this study are included in this published article.",""
"PMC12938723","10.3390/bioengineering13020155","All of the data generated or analyzed in this study are included in this published article. | All of the data generated or analyzed in this study are included in this published article.",""
"PMC13092458","10.2147/JPR.S591459","The original contributions presented in the study are included in the article. | The original contributions presented in the study are included in the article.",""
"PMC12753473","10.3389/fpubh.2025.1724092","The original contributions presented in the study are included in the article/Supplementary material, further inquiries can be directed to the corresponding author. | The original contributions presented in the study are included in the article/Supplementary material, further inquiries can be directed to the corresponding author.",""
"PMC13346088","10.3389/fspor.2026.1858084","The original contributions presented in the study are included in the article/Supplementary Material, further inquiries can be directed to the corresponding author.",""
"PMC12410808","10.1371/journal.pone.0330157","All model outcomes were presented alongside the individual participant data in a supporting information file. | All individual participant data are collated in the S1 File which can be found here: https://figshare.com/s/50cacee63c01e2c2f8a6. | The main model outcomes can be found on tab 2 of the S1 File: https://figshare.com/s/50cacee63c01e2c2f8a6 | An overview of all themes, subthemes and the original verbatim Dutch and their English clean verbatim translations of the quotes emerging from the interviews can be found in S1 Table (https://figshare.com/s/20212f8bb7fba462d17f). | A comprehensive triangulation of quantitative outcomes and qualitative (sub)themes in overlapping areas of data is provided in S2 Table (https://figshare.com/s/7c3894a86e4b00872d41). | All individual participant data are collated in the S1 File which can be found here: https://figshare.com/s/50cacee63c01e2c2f8a6. | An overview of all themes, subthemes and the original verbatim Dutch and their English clean verbatim translations of the quotes emerging from the interviews can be found in S1 Table (https://figshare.com/s/20212f8bb7fba462d17f). | A comprehensive triangulation of quantitative outcomes and qualitative (sub)themes in overlapping areas of data is provided in S2 Table (https://figshare.com/s/7c3894a86e4b00872d41) | All individual participant data are collated in the S1 File which can be found here: https://figshare.com/s/50cacee63c01e2c2f8a6. | An overview of all themes, subthemes and the original verbatim Dutch and their English clean verbatim translations of the quotes emerging from the interviews can be found in S1 Table (https://figshare.com/s/20212f8bb7fba462d17f). | A comprehensive triangulation of quantitative outcomes and qualitative (sub)themes in overlapping areas of data is provided in S2 Table (https://figshare.com/s/7c3894a86e4b00872d41)","https://figshare.com/s/50cacee63c01e2c2f8a6 ; https://figshare.com/s/20212f8bb7fba462d17f ; https://figshare.com/s/7c3894a86e4b00872d41"
"PMC12583057","10.3389/fphar.2025.1663348","The original contributions presented in the study are included in the article/Supplementary Material, further inquiries can be directed to the corresponding author. | The original contributions presented in the study are included in the article/Supplementary Material, further inquiries can be directed to the corresponding author.",""
"PMC12988779","10.2147/DDDT.S570281","All data generated or analysed during this study are included in this article.",""
"PMC13220622","10.1186/s12871-026-03831-x","Data availabilityThe datasets supporting the conclusions of this article are included within the article itself. | The datasets supporting the conclusions of this article are included within the article itself.",""
"PMC13367344","10.2147/JPR.S609709","All data supporting the findings of this study are included within the article and its supplementary materials.",""
"PMC11951639","10.1186/s43019-025-00266-5","All data generated or analyzed during this study are included in this published article. | All data generated or analyzed during this study are included in this published article.",""
"PMC13052118","10.7717/peerj.21039","The raw data are available in the Supplemental File.",""
"PMC11196813","10.3389/fneur.2024.1365445","The original contributions presented in the study are included in the article/Supplementary material, further inquiries can be directed to the corresponding author.",""
"PMC12303304","10.1371/journal.pone.0327865","Data AvailabilityThe data that support the findings of this study are available in the Supporting Information files: | In the online submission form, you indicated that [The data that support the findings of this study are available in the Supporting Information files. | In the online submission form, you indicated that [The data that support the findings of this study are available in the Supporting Information files.",""
"PMC12816496","10.1007/s44445-025-00098-9","All data generated or analyzed during this case report are included in this published article. | All data generated or analyzed during this case report are included in this published article.",""
"PMC12516967","10.1136/bmjopen-2025-101509","All data relevant to the study are included in the article or uploaded as supplementary information. | All data relevant to the study are included in the article or uploaded as supplementary information.",""
"PMC12228279","10.1186/s12891-025-08884-6","Data availabilityThe data contained in the article is uploaded to the supplement in Excel format. | The data contained in the article is uploaded to the supplement in Excel format.",""
"PMC12655632","10.3390/ph18111676","Data Availability StatementThe original contributions presented in this study are included in the article. | The original contributions presented in this study are included in the article.",""
"PMC13175960","10.3389/fphar.2026.1799920","The original contributions presented in the study are included in the article/Supplementary Material, further inquiries can be directed to the corresponding author.",""
"PMC13180824","10.3389/fphar.2026.1761852","The original contributions presented in the study are included in the article/supplementary material, further inquiries can be directed to the corresponding authors. | The original contributions presented in the study are included in the article/supplementary material, further inquiries can be directed to the corresponding authors.",""
"PMC12633648","10.3389/fmed.2025.1700950","The original contributions presented in the study are included in the article/Supplementary material, further inquiries can be directed to the corresponding author. | The original contributions presented in the study are included in the article/Supplementary material, further inquiries can be directed to the corresponding author.",""
"PMC12046226","10.1093/pm/pnaf001","The original contributions presented in the study are included in the article, further inquiries can be directed to the corresponding author. | The original contributions presented in the study are included in the article, further inquiries can be directed to the corresponding author.",""
"PMC12564427","10.3390/dj13100480","All data generated or analyzed during this study are included in this published article. | All data generated or analyzed during this study are included in this published article.",""
"PMC12684411","10.7717/peerj.20475","The raw data is available in the Supplemental Files. | The raw data is available in the Supplemental Files.",""
"PMC12506207","10.1136/bmjopen-2025-104789","Full data are available in online supplemental table 1.",""
"PMC13211332","10.3390/toxins18050220","The data presented in this study are available in this article. | The data presented in this study are available in this article.",""
"PMC13416348","10.3389/fcell.2026.1876711","The original contributions presented in the study are included in the article/Supplementary Material, further inquiries can be directed to the corresponding author.",""
"PMC13401922","10.2147/JPR.S586352","Complete pre-PSM baseline data are provided in Supplementary Table S2.",""
"PMC13014618","10.3389/fcvm.2026.1756414","However, the data supporting the main findings are available within the article and its supplementary files.",""
"PMC9792314","10.1186/s12875-022-01951-0","From September 2019 to August 2020, 55 patients were recruited (all data are available in the supplementary file). | All data generated and analyzed during this study are included in this published article and its supplementary information files. | All data generated and analyzed during this study are included in this published article and its supplementary information files.",""
"PMC12307335","10.1177/19476035251355522","The data presented in this study are available within the article.",""
"PMC13333347","10.3389/fphar.2026.1839928","The original contributions presented in the study are included in the article/supplementary material, further inquiries can be directed to the corresponding authors.",""
"PMC12484481","10.1007/s40122-025-00766-y","Our study protocol, data dictionary, extraction forms, final data, and analysis scripts were uploaded onto OSF to warrant transparency and reproducibility. | To promote transparency and reproducibility, the study protocol, data dictionary, extraction forms, data files, and analysis scripts are publicly available on OSF [13]. | Our data are accessible on OSF throughout the repository’s lifecycle at https://osf.io/c3tjv/, or alternatively, it can be obtained by making a request. | Our data are accessible on OSF throughout the repository’s lifecycle at https://osf.io/c3tjv/, or alternatively, it can be obtained by making a request.","https://osf.io/c3tjv/"
"PMC12300395","10.3390/medicina61071215","Data Availability StatementThe original contributions presented in the study are included in the article. | The original contributions presented in the study are included in the article.",""
"PMC12537895","10.3389/fphar.2025.1619589","The original contributions presented in the study are included in the article/Supplementary Material, further inquiries can be directed to the corresponding authors. | The original contributions presented in the study are included in the article/Supplementary Material, further inquiries can be directed to the corresponding authors.",""
"PMC12811523","10.1016/j.jbo.2025.100737","The following are the Supplementary data to this article:Supplementary Data 1 | Supplementary Data 1",""
"PMC13024634","10.3390/bioengineering13030357","Data Availability StatementThe original contributions presented in the study are included in the article, further inquiries can be directed to the corresponding authors. | The original contributions presented in the study are included in the article, further inquiries can be directed to the corresponding authors.",""
"PMC13117953","10.3390/medicina62040698","Data Availability StatementThe original contributions presented in this study are included in the article. | The original contributions presented in this study are included in the article.",""
"PMC12499733","10.1097/MD.0000000000044760","All data generated or analyzed during this study are included in this published article [and its supplementary information files].",""
"PMC12335793","10.1186/s12871-025-03289-3","Data availabilityAll data generated or analyzed during this study are included in this published article. | All data generated or analyzed during this study are included in this published article.",""
"PMC11596617","10.3390/medicina60111873","The original contributions presented in the study are included in the article; further inquiries can be directed to the corresponding author. | The original contributions presented in the study are included in the article; further inquiries can be directed to the corresponding author.",""
"PMC12911760","10.1136/rmdopen-2025-006036","All data relevant to the study are included in the article or uploaded as supplementary information.",""
"PMC12348802","10.3390/nu17152547","The original contributions presented in this study are included in the article/Supplementary Material. | The original contributions presented in this study are included in the article/Supplementary Material.",""
"PMC12231615","10.1186/s12906-025-04951-6","Data is provided within the manuscript or supplementary information files.",""
"PMC12136343","10.1371/journal.pone.0325112","Data AvailabilityAll relevant data are within the paper and its Supporting Information files.",""
"PMC13437381","10.3389/fmed.2026.1862817","The original contributions presented in the study are included in the article/Supplementary material, further inquiries can be directed to the corresponding author.",""
"PMC13239775","10.1111/iwj.70936","All data generated or analysed during this study are included in this article. | All data generated or analysed during this study are included in this article.",""
"PMC11830361","10.7717/peerj.19034","The raw data is available in the Supplemental File. | The raw data is available in the Supplemental File.",""
"PMC12950177","10.2147/JPR.S586965","All data supporting the findings of this study are included within the article and its supplementary materials. | All data supporting the findings of this study are included within the article and its supplementary materials.",""
"PMC12927790","10.2147/DDDT.S577722","The original data analyzed in this study are included in the article; further inquiries can be directed to the corresponding author. | The original data analyzed in this study are included in the article; further inquiries can be directed to the corresponding author.",""
"PMC12921487","10.3389/fmed.2026.1752055","The datasets presented in this study can be found in online repositories. | The datasets presented in this study can be found in online repositories.",""
"PMC13360922","10.3390/healthcare14131926","Data Availability StatementAll data generated or analyzed during this study are included in this published article and its Supplementary Information files, further inquiries can be directed to the corresponding author. | All data generated or analyzed during this study are included in this published article and its Supplementary Information files, further inquiries can be directed to the corresponding author.",""
"PMC12576042","10.3389/fphar.2025.1656400","The original contributions presented in the study are included in the article/Supplementary Material, further inquiries can be directed to the corresponding authors.",""
"PMC12340487","10.12688/f1000research.163321.4","The data in this study has been registered on the OSF database https://doi.org/10.17605/OSF.IO/R4MQD 29  | The data in this study has been registered on the OSF database https://doi.org/10.17605/OSF.IO/R4MQD 29 ","https://doi.org/10.17605/OSF.IO/R4MQD"
"PMC12813194","10.3389/fphar.2025.1707079","The original contributions presented in the study are included in the article/Supplementary Material, further inquiries can be directed to the corresponding authors. | The original contributions presented in the study are included in the article/Supplementary Material, further inquiries can be directed to the corresponding authors.",""
"PMC12602386","10.3389/fpubh.2025.1661674","The original contributions presented in the study are included in the article/Supplementary material, further inquiries can be directed to the corresponding author. | The original contributions presented in the study are included in the article/Supplementary material, further inquiries can be directed to the corresponding author.",""
"PMC13028453","10.3390/jfb17030150","Data Availability StatementThe original contributions presented in the study are included in the article, further inquiries can be directed to the corresponding author. | The original contributions presented in the study are included in the article, further inquiries can be directed to the corresponding author.",""
"PMC13275463","10.3389/fmed.2026.1822468","Pupillometric parameters are presented as an average of both eyes; right and left eye data are provided separately in Supplementary Table 1.",""
"PMC12518115","10.3389/fneur.2025.1634623","All data generated or analysed in this study are included in this published article.",""
"PMC12838031","10.3390/bioengineering13010090","Data Availability StatementAll the data generated or analyzed in this study are included in this published article. | All the data generated or analyzed in this study are included in this published article.",""
"PMC12115587","10.3390/toxins17050216","Data Availability StatementThe original contributions presented in the study are included in the article, further inquiries can be directed to the corresponding authors. | The original contributions presented in the study are included in the article, further inquiries can be directed to the corresponding authors.",""
"PMC12154571","10.3390/healthcare13111240","The original contributions presented in this study are included in the article. | The original contributions presented in this study are included in the article.",""
"PMC12417385","10.3389/fped.2025.1628222","The original contributions presented in the study are included in the article/Supplementary Material, further inquiries can be directed to the corresponding author.",""
"PMC8983264","10.1155/2022/5337483","The data used to support the findings of this study are included within the article. | The data used to support the findings of this study are included within the article.",""
"PMC13216682","10.4082/kjfm.24.0278","Databases that were generated and/or processed during this research are accessible in the figshare repository (https://figshare.com/s/28d226ea6ae3ab416bc8): https://doi.org/10.6084/m9.figshare.27003118 under license CCO.","https://doi.org/10.6084/m9.figshare.27003118 ; https://figshare.com/s/28d226ea6ae3ab416bc8"
"PMC12574061","10.1186/s13287-025-04674-y","All data generated or analyzed during this study are included in this published article. | All data generated or analyzed during this study are included in this published article.",""
"PMC12369048","10.1186/s13018-025-06207-y","The dataset generated and analyzed during the current study is publicly available on Zenodo at 10.5281/zenodo.15152588. | The dataset generated and analyzed during the current study is publicly available on Zenodo at 10.5281/zenodo.15152588.","https://doi.org/10.5281/zenodo.15152588"
"PMC11487637","10.4081/ejtm.2024.12413","All data generated or analyzed during this study are included in this published article.",""
"PMC12537683","10.3389/fphar.2025.1659179","The original contributions presented in the study are included in the article, further inquiries can be directed to the corresponding author.",""
"PMC12393090","10.2147/JPR.S533585","The authors confirm that data supporting the findings of this study are available within the article.",""
"PMC12299995","10.3390/medicina61071217","Data Availability StatementThe minimal dataset supporting the findings of this study is provided as Supplementary Material to the article.",""
"PMC12300211","10.3390/ph18071065","The original contributions presented in this study are included in the article. | The original contributions presented in this study are included in the article.",""
"PMC12684342","10.1002/ksa.70080","The data that supports the findings of this study are available in the supplementary material of this article.",""
"PMC12548582","10.1136/bmjopen-2024-094428","The dataset supporting the conclusions of this study is openly available in Zenodo at DOI:",""
"PMC13208749","10.3390/medicina62050951","All data generated or analysed during this study are included in this manuscript. | All data generated or analysed during this study are included in this manuscript.",""
"PMC12801688","10.1186/s12891-025-09369-2","All data generated or analysed during this study are included in this published article. | All data generated or analysed during this study are included in this published article.",""
"PMC12066542","10.3389/fphar.2025.1586393","The original contributions presented in the study are included in the article/supplementary material, further inquiries can be directed to the corresponding authors. | The original contributions presented in the study are included in the article/supplementary material, further inquiries can be directed to the corresponding authors.",""
"PMC12689560","10.3389/fmed.2025.1694309","The original contributions presented in the study are included in the article/supplementary material, further inquiries can be directed to the corresponding author. | The original contributions presented in the study are included in the article/supplementary material, further inquiries can be directed to the corresponding author.",""
"PMC10470951","10.1371/journal.pone.0289610","Data AvailabilityAll relevant data are within the paper and its Supporting Information files.",""
"PMC12640831","10.3389/fneur.2025.1662677","The original contributions presented in the study are included in the article/supplementary material, further inquiries can be directed to the corresponding authors. | The original contributions presented in the study are included in the article/supplementary material, further inquiries can be directed to the corresponding authors.",""
"PMC11182357","10.3389/fnut.2024.1403108","The original contributions presented in the study are included in the article/Supplementary material, further inquiries can be directed to the corresponding author.",""
"PMC11677436","10.3390/jcm13247754","The original contributions presented in this study are included in the article. | The original contributions presented in this study are included in the article.",""
"PMC12520433","10.22514/jofph.2025.053","The data are contained within this article (and Supplementary material if applicable).",""
"PMC11737046","10.1186/s13643-025-02762-x","The authors confirm that the data supporting the findings of this study are available within the article. | The authors confirm that the data supporting the findings of this study are available within the article.",""
"PMC13467484","10.3390/jcm15155900","The original contributions presented in this study are included in the article/Supplementary Materials. | The original contributions presented in this study are included in the article/Supplementary Materials.",""
"PMC12358445","10.3389/fmed.2025.1602699","The original contributions presented in the study are included in the article/Supplementary material, further inquiries can be directed to the corresponding author.",""
"PMC11927909","10.1371/journal.pone.0314878","All relevant data are within the paper and its Supporting Information files. | All relevant data are within the paper and its Supporting Information files.",""
"PMC12813039","10.3389/fped.2025.1703948","The original contributions presented in the study are included in the article/Supplementary Material, further inquiries can be directed to the corresponding author. | The original contributions presented in the study are included in the article/Supplementary Material, further inquiries can be directed to the corresponding author.",""
"PMC12106467","10.3389/fpain.2025.1601708","The original contributions presented in the study are included in the article/Supplementary Material, further inquiries can be directed to the corresponding author. | The original contributions presented in the study are included in the article/Supplementary Material, further inquiries can be directed to the corresponding author.",""
"PMC12398152","10.1186/s13018-025-06233-w","Data availabilityAll data generated or analysed during this study are included in this published article and its supplementary information files. | All data generated or analysed during this study are included in this published article and its supplementary information files.",""
"PMC12109087","10.3390/biomedicines13051102","The data used to support the findings of this study are included in the article. | The data used to support the findings of this study are included in the article.",""
"PMC12664183","10.1186/s12873-025-01405-7","The datasets generated and/or analysed during the current study are available in the Elsevier’s Mendeley Data repository, https://doi.org/10.17632/xfxdkr75js.1. | The datasets generated and/or analysed during the current study are available in the Elsevier’s Mendeley Data repository, https://doi.org/10.17632/xfxdkr75js.1.","https://doi.org/10.17632/xfxdkr75js.1"
"PMC11749034","10.1136/bmjopen-2024-092131","Subgroup analysis (eg, administrations and doses of ketamine; surgical procedures; pain at different time points after surgery; acute and chronic pain intensity; different patient subgroups; postoperative scores at rest and during movement at different time points; complications; adverse reactions; supplemental analgesics such as opioid consumption, etc) will be conducted if sufficient data are available.",""
"PMC13038862","10.3389/fped.2026.1809053","The original contributions presented in the study are included in the article/Supplementary Material, further inquiries can be directed to the corresponding author.",""
"PMC12346828","10.3390/healthcare13151853","Data Availability StatementThe original contributions presented in this study are included in the article. | The original contributions presented in this study are included in the article.",""
"PMC11766060","10.3390/jcm14020472","Data Availability StatementThe data used to support the findings of this study are available in the Supplementary Files. | The data used to support the findings of this study are available in the Supplementary Files.",""
"PMC11880218","10.3389/fsurg.2025.1554970","The datasets presented in this study can be found in online repositories. | The datasets presented in this study can be found in online repositories.",""
"PMC13391523","10.3389/fresc.2026.1883205","The original contributions presented in the study are included in the article/Supplementary Material, further inquiries can be directed to the corresponding author/s. | The original contributions presented in the study are included in the article/Supplementary Material, further inquiries can be directed to the corresponding author/s.",""
"PMC12065334","10.1186/s12978-025-02023-z","Data availability The dataset supporting the conclusions of this article is included in the article. | The dataset supporting the conclusions of this article is included in the article.",""
"PMC12571718","10.3389/fmed.2025.1652732","The original contributions presented in the study are included in the article/Supplementary material, further inquiries can be directed to the corresponding authors. | The original contributions presented in the study are included in the article/Supplementary material, further inquiries can be directed to the corresponding authors.",""
"PMC11118399","10.3390/biomedicines12051013","Data Availability StatementThe data presented in this study are openly available in the Supplementary Materials. | The data presented in this study are openly available in the Supplementary Materials.",""
"PMC12487426","10.3389/fmed.2025.1636181","The original contributions presented in the study are included in the article/Supplementary material, further inquiries can be directed to the corresponding author. | The original contributions presented in the study are included in the article/Supplementary material, further inquiries can be directed to the corresponding author.",""
"PMC7450331","10.1155/2020/2793945","The data used to support the findings of this study are included in the article. | The data used to support the findings of this study are included in the article.",""
"PMC12973522","10.1016/j.clinsp.2026.100885","The datasets generated and analyzed during the current study are available within the article.",""
"PMC11943899","10.3390/life15030360","Data Availability StatementThe original contributions presented in this study are included in the article/Supplementary Material. | The original contributions presented in this study are included in the article/Supplementary Material.",""
"PMC11660854","10.1186/s12891-024-08186-3","Data availability All data generated or analyzed during this study are included in this published article [and its supplementary information files]. | All data generated or analyzed during this study are included in this published article [and its supplementary information files].",""
"PMC12443838","10.3389/fmed.2025.1647324","The original contributions presented in the study are included in the article/supplementary material, further inquiries can be directed to the corresponding author.",""
"PMC12584816","10.2147/JPR.S544998","The original contributions presented in the study are included in the article/supplementary materials, further inquiries can be directed to the corresponding author.",""
"PMC12430150","10.3390/nu17172729","Data Availability StatementThe microbiome sequencing data generated and analyzed in this study have been deposited in the Short Read Archive of NCBI BioProject: | The microbiome sequencing data generated and analyzed in this study have been deposited in the Short Read Archive of NCBI BioProject:",""
"PMC11813126","10.1371/journal.pone.0317291","Data AvailabilityAll relevant data are within the manuscript and its Supporting information files.",""
"PMC11846222","10.1186/s12891-025-08411-7","This scoping review’s protocol was published on the Open Science Framework (OSF) on February 28, 2024, and can be accessed at osf.io/a52kn.",""
"PMC13473162","10.3389/fneur.2026.1717558","The original contributions presented in the study are included in the article/Supplementary material, further inquiries can be directed to the corresponding author/s. | The original contributions presented in the study are included in the article/Supplementary material, further inquiries can be directed to the corresponding author/s.",""
"PMC12689596","10.3389/fmed.2025.1673193","The original contributions presented in the study are included in the article/Supplementary material, further inquiries can be directed to the corresponding author/s. | The original contributions presented in the study are included in the article/Supplementary material, further inquiries can be directed to the corresponding author/s.",""
"PMC11868419","10.1038/s41598-025-91076-y","All data generated or analyzed in this study are included in main text document and its supplementary files. | All data generated or analyzed in this study are included in main text document and its supplementary files.",""
"PMC12052531","10.3389/fbioe.2025.1545521","The original contributions presented in the study are included in the article/supplementary material, further inquiries can be directed to the corresponding authors. | The original contributions presented in the study are included in the article/supplementary material, further inquiries can be directed to the corresponding authors.",""
"PMC13017913","10.3389/fmed.2026.1724529","The original contributions presented in the study are included in the article/Supplementary material, further inquiries can be directed to the corresponding author.",""
"PMC12369813","10.1097/PR9.0000000000001314","Ethics approval did not include the public sharing of individual data but means and SDs are provided in supplementary material for each dependent variable and all conditions.",""
"PMC9490580","10.3389/fneur.2022.952346","The original contributions presented in the study are included in the article/supplementary material, further inquiries can be directed to the corresponding authors. | The original contributions presented in the study are included in the article/supplementary material, further inquiries can be directed to the corresponding authors.",""
"PMC12484165","10.3389/fspor.2025.1631357","The original contributions presented in the study are included in the article/Supplementary Material, further inquiries can be directed to the corresponding author. | The original contributions presented in the study are included in the article/Supplementary Material, further inquiries can be directed to the corresponding author.",""
"PMC12254710","10.2196/67886","All data presented in this manuscript and in any supplementary materials are fully anonymous and cannot be traced back to individual participants.",""
"PMC12484189","10.3389/fneur.2025.1673321","The original contributions presented in the study are included in the article/Supplementary material, further inquiries can be directed to the corresponding authors.",""
"PMC12525571","10.3390/nu17193134","The datasets presented in this study can be found in online repositories with link: https://osf.io/hrcym/?view_only=9ba99de8cad14d8ca72d5f11c455a6b2 (accessed on 28 September 2025). | The datasets presented in this study can be found in online repositories with link: https://osf.io/hrcym/?view_only=9ba99de8cad14d8ca72d5f11c455a6b2 (accessed on 28 September 2025).","https://osf.io/hrcym/?view_only=9ba99de8cad14d8ca72d5f11c455a6b2"
"PMC11264215","10.4081/ejtm.2024.12355","All data generated or analyzed during this study are included in this published article.",""
"PMC11128881","10.1016/j.heliyon.2024.e30874","Data included in article/supplementary material/referenced in article. | Data included in article/supplementary material/referenced in article.",""
"PMC11927090","10.3389/fneur.2025.1547095","The original contributions presented in the study are included in the article/Supplementary material, further inquiries can be directed to the corresponding author. | The original contributions presented in the study are included in the article/Supplementary material, further inquiries can be directed to the corresponding author.",""
"PMC12067951","10.33393/aop.2025.3256","All data generated or analyzed during this study are included in this published article and its supplementary information section. | All data generated or analyzed during this study are included in this published article and its supplementary information section.",""
"PMC11540780","10.3389/fphar.2024.1486217","The original contributions presented in the study are included in the article/Supplementary Material, further inquiries can be directed to the corresponding authors. | The original contributions presented in the study are included in the article/Supplementary Material, further inquiries can be directed to the corresponding authors.",""
"PMC11421100","10.1186/s40246-024-00670-0","Data availabilityAll data generated or analyzed during this study are included in the published article. | All data generated or analyzed during this study are included in the published article.",""
"PMC11487666","10.4081/ejtm.2024.12274","All data generated or analyzed during this study are included in this published article.",""
"PMC12688985","10.1097/MD.0000000000044158","All data generated or analyzed during this study are included in this published article [and its supplementary information files].",""
"PMC12309109","10.1186/s12906-025-05045-z","Data is provided within the manuscript or supplementary information files. | Data is provided within the manuscript or supplementary information files.",""
"PMC11783864","10.1186/s12891-024-08271-7","The original contributions presented in the study are included in the article. | The original contributions presented in the study are included in the article.",""
"PMC13091185","10.1096/fj.202600031R","Data S1: fsb271779‐sup‐0001‐DataS1.zip. | Data S1: fsb271779‐sup‐0001‐DataS1.zip.",""
"PMC12876241","10.3389/fmed.2025.1730505","The original contributions presented in the study are included in the article/Supplementary material, further inquiries can be directed to the corresponding author. | The original contributions presented in the study are included in the article/Supplementary material, further inquiries can be directed to the corresponding author.",""
"PMC12822334","10.1186/s13104-025-07589-2","Data availabilityData is provided as supplementary information files. | Data is provided as supplementary information files.",""
"PMC11463084","10.1186/s13018-024-05134-8","All data generated or analysed during this study are included in this article. | All data generated or analysed during this study are included in this article.",""
"PMC12637976","10.1371/journal.pone.0336685","Data AvailabilityThe data presented in this study and trial protocol are openly available in FigShare repository at https://doi.org/10.6084/m9.figshare.29094938.v1.","https://doi.org/10.6084/m9.figshare.29094938.v1"
"PMC10877797","10.1186/s12891-024-07266-8","Availability of data and materialsAll data relevant to the study are included in the article. | All data relevant to the study are included in the article.",""
"PMC10993996","10.3389/fpubh.2024.1307592","The original contributions presented in the study are included in the article/supplementary material, further inquiries can be directed to the corresponding author. | The original contributions presented in the study are included in the article/supplementary material, further inquiries can be directed to the corresponding author.",""
"PMC12891718","10.1038/s41598-026-36186-x","Pain location, pre- and postoperative HKA angles, and knee range of motion (ROM) data are shown in Supplementary Table S3.",""
"PMC12336257","10.3389/fsurg.2025.1595231","The original contributions presented in the study are included in the article/Supplementary Material, further inquiries can be directed to the corresponding author. | The original contributions presented in the study are included in the article/Supplementary Material, further inquiries can be directed to the corresponding author.",""
"PMC11597493","10.3390/nu16223821","Data Availability StatementThe original contributions presented in the study are included in the article, further inquiries can be directed to the corresponding authors. | The original contributions presented in the study are included in the article, further inquiries can be directed to the corresponding authors.",""
"PMC10815532","10.31138/mjr.220823.aof","The authors declare that the data supporting the findings of this study are available within the article. | The authors declare that the data supporting the findings of this study are available within the article.",""
"PMC13495325","10.1186/s13102-026-01800-y","Data availabilityAll data generated or analysed during this study are included in this published article. | All data generated or analysed during this study are included in this published article.",""
"PMC12872920","10.3389/fmed.2026.1689124","The original contributions presented in the study are included in the article/Supplementary material, further inquiries can be directed to the corresponding author. | The original contributions presented in the study are included in the article/Supplementary material, further inquiries can be directed to the corresponding author.",""
"PMC11931788","10.1186/s12891-025-08303-w","All data generated or analysed during this study are included in this published article [and its supplementary information files]. | All data generated or analysed during this study are included in this published article [and its supplementary information files].",""
"PMC13385187","10.3389/fsurg.2026.1761954","The original contributions presented in the study are included in the article/Supplementary Material, further inquiries can be directed to the corresponding author.",""
"PMC11241247","10.3390/healthcare12131329","The datasets analyzed during the current study are publicly available (https://doi.org/10.6084/m9.figshare.25592088). | The datasets analyzed during the current study are publicly available (https://doi.org/10.6084/m9.figshare.25592088).","https://doi.org/10.6084/m9.figshare.25592088"
"PMC12738725","10.1038/s41467-025-66202-z","Source data and P values are provided in the Source Data file. | Source data and P values are provided in the Source Data file. | Source data and P values are provided in the Source Data file. | Source data and P values are provided in the Source Data file. | Source data and P values are provided in the Source Data file. | Source data and P values are provided in the Source Data file. | Source data of all figures and RNA-seq data of this study are provided in the Source Data File. | The scRNA-seq data of this study are provided and accessible through National Genomics Data Center (https://ngdc.cncb.ac.cn/omix/release/OMIX011832). | Any additional requests for information can be directed to, and will be fulfilled by the corresponding authors. Source data are provided with this paper. | Source data of all figures and RNA-seq data of this study are provided in the Source Data File. | The scRNA-seq data of this study are provided and accessible through National Genomics Data Center (https://ngdc.cncb.ac.cn/omix/release/OMIX011832). | Any additional requests for information can be directed to, and will be fulfilled by the corresponding authors. Source data are provided with this paper.","https://ngdc.cncb.ac.cn/omix/release/OMIX011832"
"PMC11291344","10.3389/fphar.2024.1428440","The original contributions presented in the study are included in the article/Supplementary Material, further inquiries can be directed to the corresponding author. | The original contributions presented in the study are included in the article/Supplementary Material, further inquiries can be directed to the corresponding author.",""
"PMC10545655","10.1186/s41687-023-00637-0","All data generated or analyzed during this study are included in this published article and its additional files. | All data generated or analyzed during this study are included in this published article and its additional files.",""
"PMC12711732","10.3389/fmed.2025.1714912","The original contributions presented in the study are included in the article/Supplementary material, further inquiries can be directed to the corresponding authors. | The original contributions presented in the study are included in the article/Supplementary material, further inquiries can be directed to the corresponding authors.",""
"PMC13091263","10.1186/s12903-026-07973-9","Data availabilityAll data supporting the findings of this study are available within the article. | All data supporting the findings of this study are available within the article.",""
"PMC12428218","10.3390/healthcare13172228","These detailed descriptive data are included as Supplementary Materials to enhance the transparency of the study and to facilitate their potential use in future systematic reviews and meta-analyses.",""
"PMC12714805","10.1038/s41598-025-27821-0","Data of this study are available upon https://hdl.handle.net/11441/170770. | Data of this study are available upon [https://hdl.handle.net/11441/170770]. | Data of this study are available upon [https://hdl.handle.net/11441/170770].",""
"PMC12074919","10.3389/fneur.2025.1528956","The original contributions presented in the study are included in the article/supplementary material, further inquiries can be directed to the corresponding authors.",""
"PMC11178400","10.1155/2024/2741681","The original contributions presented in the study are included in the article/supplementary material; further inquiries can be directed to the corresponding author.",""
"PMC11630987","10.1097/PR9.0000000000001215","The original contributions presented in the study are included in the article/Supplementary Material http://links.lww.com/PR9/A266, further inquiries can be directed to the corresponding author/s.",""
"PMC13246689","10.3389/fpain.2026.1784995","The original contributions presented in the study are included in the article/Supplementary Material, further inquiries can be directed to the corresponding author/s.",""
"PMC10918692","10.3389/fpubh.2024.1352833","The original contributions presented in the study are included in the article/Supplementary material; further inquiries can be directed to the corresponding author.",""
"PMC10832130","10.1186/s13643-023-02393-0","All data generated or analysed during this study are included in this published article and its additional files. | All data generated or analysed during this study are included in this published article and its additional files.",""
"PMC12584645","10.12688/f1000research.168854.2","Research data (DataSet). https://doi.org/10.5281/zenodo.18105866 ( Murbiah, 2025b). | Research data (DataSet). https://doi.org/10.5281/zenodo.18105866 ( Murbiah, 2025b).","https://doi.org/10.5281/zenodo.18105866"
"PMC10590436","10.1038/s41598-023-45401-y","All data analysed during this study are included in this published article and its supplementary information files. | All data analysed during this study are included in this published article and its supplementary information files.",""
"PMC11896821","10.3389/fmed.2025.1540557","The original contributions presented in the study are included in the article/Supplementary material, further inquiries can be directed to the corresponding author.",""
"PMC10314708","10.1136/bmjoq-2023-002278","All data relevant to the study are included in the article or uploaded as supplemental information. | All data relevant to the study are included in the article or uploaded as supplemental information.",""
"PMC13200277","10.1155/prm/9347376","All data generated or analyzed during this study are included in this published article/as supporting information files.",""
"PMC12317690","10.7717/peerj.19747","The raw data are available in the Supplementary file:",""
"PMC12610771","10.3390/jcm14217788","Data Availability StatementThe original contributions presented in the study are included in the article, further inquiries can be directed to the corresponding authors. | The original contributions presented in the study are included in the article, further inquiries can be directed to the corresponding authors.",""
"PMC12815715","10.3389/fneur.2025.1712320","The original contributions presented in the study are included in the article/Supplementary material, further inquiries can be directed to the corresponding author. | The original contributions presented in the study are included in the article/Supplementary material, further inquiries can be directed to the corresponding author.",""
"PMC8725314","10.1186/s12891-021-04910-5","The datasets supporting the conclusions of this article are included within the article and its additional file. | The datasets supporting the conclusions of this article are included within the article and its additional file.",""
"PMC12652029","10.3390/healthcare13222950","The original contributions presented in this study are included in the article and Supplementary Materials. | The original contributions presented in this study are included in the article and Supplementary Materials.",""
"PMC10196013","10.3389/fneur.2023.1130986","The original contributions presented in the study are included in the article/supplementary material, further inquiries can be directed to the corresponding author/s.",""
"PMC10036476","10.1038/s41598-023-31993-y","All data generated or analyzed during this study are included in this article. | All data generated or analyzed during this study are included in this article.",""
"PMC10858486","10.1186/s12903-024-03936-0","All data generated or analyzed during this study are included in this published article. | All data generated or analyzed during this study are included in this published article.",""
"PMC11581761","10.1097/PR9.0000000000001208","1).2,3,11–17,19–22,26,29,32,35,37,38,42–44,46,47 Their key data are summarized in Supplementary Table 2 (available at http://links.lww.com/PR9/A260).",""
"PMC10706409","10.3390/ijerph20237088","Data Availability StatementAvailable on OSF–DOI 10.17605/OSF.IO/V6Y9P. | Available on OSF–DOI 10.17605/OSF.IO/V6Y9P.","https://doi.org/10.17605/OSF.IO/V6Y9P"
"PMC10675971","10.1186/s12903-023-03681-w","All data generated or analyzed during this study are included in this published article (and its Additional files). | All data generated or analyzed during this study are included in this published article (and its Additional files).",""
"PMC10687893","10.1186/s12891-023-06925-6","Data AvailabilityAll data generated or analyzed during this study are included in this published article [and its supplementary information files]. | All data generated or analyzed during this study are included in this published article [and its supplementary information files].",""
"PMC10620714","10.3389/fneur.2023.1267952","The original contributions presented in the study are included in the article/supplementary material, further inquiries can be directed to the corresponding author. | The original contributions presented in the study are included in the article/supplementary material, further inquiries can be directed to the corresponding author.",""
"PMC11521844","10.3389/fmed.2024.1435277","The combined data can be found in the Supplementary material.",""
"PMC12463219","10.1371/journal.pone.0331568","Data AvailabilityAll relevant data are within the manuscript and its Supporting information files. | Supplementary Materials Data Availability.",""
"PMC12649801","10.2147/JPR.S557353","All data relevant to the study are included in the article or uploaded as Supplementary Materials. | All data relevant to the study are included in the article or uploaded as Supplementary Materials.",""
"PMC12447457","10.1080/07853890.2025.2557508","All data generated or analysed during this study are included in this article.",""
"PMC12176148","10.1371/journal.pone.0324864","As required by our policy on Data Availability, please ensure your manuscript or supplementary information includes the following: ",""
"PMC10651739","10.3389/fpain.2023.1237090","The original contributions presented in the study are included in the article/Supplementary Material, further inquiries can be directed to the corresponding author. | The original contributions presented in the study are included in the article/Supplementary Material, further inquiries can be directed to the corresponding author.",""
"PMC12823961","10.3389/fmed.2025.1727151","The datasets presented in this study can be found in online repositories.",""
"PMC11250953","10.1186/s12903-024-04527-9","Data availabilityData is provided within the supplementary information files. | Data is provided within the supplementary information files.",""
"PMC12471930","10.3390/medicina61091636","Data Availability StatementData are available as supplementary material. | Data are available as supplementary material.",""
"PMC9806224","10.3389/fnut.2022.1026450","The original contributions presented in the study are included in the article/Supplementary material, further inquiries can be directed to the corresponding authors.",""
"PMC11905430","10.1186/s12891-025-08372-x","All data generated or analyzed during this study are included in this published article and its supplementary information files. | All data generated or analyzed during this study are included in this published article and its supplementary information files.",""
"PMC12373071","10.1097/SP9.0000000000000056","All data generated or analyzed during this study are included in this published article. | All data generated or analyzed during this study are included in this published article.",""
"PMC9092798","10.1186/s41927-022-00257-z","Availability of data and materialsAll data generated or analyzed during this study are included within this published article. | All data generated or analyzed during this study are included within this published article.",""
"PMC10787012","10.1155/2024/3720344","The CONSORT and raw datasets of this paper can be found in the supplementary material. | The CONSORT and raw datasets of this paper can be found in the supplementary material.",""
"PMC11551985","10.1136/bmjopen-2023-083610","The following source data are being generated: | Any source data are archived according to the archiving regulations of the investigational sites following national regulations.",""
"PMC11557427","10.3389/fmed.2024.1464491","The original contributions presented in the study are included in the article/supplementary material, further inquiries can be directed to the corresponding author. | The original contributions presented in the study are included in the article/supplementary material, further inquiries can be directed to the corresponding author.",""
"PMC11255159","10.1007/s40122-024-00613-6","All data generated or analyzed during this study are included in this published article/as supplementary information files. | All data generated or analyzed during this study are included in this published article/as supplementary information files.",""
"PMC10501106","10.1186/s40634-023-00648-2","All data supporting the findings of this study are available within the paper and its Supplementary Information. | All data supporting the findings of this study are available within the paper and its Supplementary Information.",""
"PMC10762526","10.4252/wjsc.v15.i12.1063","The original contributions presented in the study are included in the article, further inquiries can be directed to the corresponding authors.",""
"PMC11749301","10.1186/s12891-025-08304-9","Data is provided within the supplementary information files. | Data is provided within the supplementary information files.",""
"PMC11899908","10.3390/jcm14051489","The original contributions presented in this study are included in the article; further inquiries can be directed to the corresponding author. | The original contributions presented in this study are included in the article; further inquiries can be directed to the corresponding author.",""
"PMC10333515","10.3389/fmed.2023.1204144","The original contributions presented in the study are included in the article/Supplementary material, further inquiries can be directed to the corresponding authors. | The original contributions presented in the study are included in the article/Supplementary material, further inquiries can be directed to the corresponding authors.",""
"PMC11173069","10.3390/jcm13113256","Data Availability StatementThe original contributions presented in the study are included in the article; further inquiries can be directed to the corresponding authors. | The original contributions presented in the study are included in the article; further inquiries can be directed to the corresponding authors.",""
"PMC12517922","10.1097/MD.0000000000044994","All data generated or analyzed during this study are included in this published article [and its supplementary information files].",""
"PMC12423344","10.1016/j.imr.2025.101223","All data generated or analyzed during this study are included in this published article.",""
"PMC12753421","10.3389/fmed.2025.1690139","The original contributions presented in the study are included in the article/Supplementary material, further inquiries can be directed to the corresponding author. | The original contributions presented in the study are included in the article/Supplementary material, further inquiries can be directed to the corresponding author.",""
"PMC10113663","10.3389/fmed.2023.997116","The original contributions presented in the study are included in the article/supplementary material, further inquiries can be directed to the corresponding author.",""
"PMC9816867","10.3389/fpain.2022.1060685","The original contributions presented in the study are included in the article/Supplementary Material, further inquiries can be directed to the corresponding author/s. | The original contributions presented in the study are included in the article/Supplementary Material, further inquiries can be directed to the corresponding author/s.",""
"PMC10508439","10.1097/MD.0000000000035238","All data generated or analyzed during this study are included in this published article [and its supplementary information files].",""
"PMC12463584","10.3389/fonc.2025.1673676","The original contributions presented in the study are included in the article/supplementary material. | The original contributions presented in the study are included in the article/supplementary material.",""
"PMC12543158","10.1371/journal.pone.0334455","Data AvailabilityAll relevant data are within the paper and its Supporting Information files.",""
"PMC12256775","10.2147/NDT.S513481","The original contributions presented in the study are included in the article, further inquiries can be directed to the corresponding author. | The original contributions presented in the study are included in the article, further inquiries can be directed to the corresponding author.",""
"PMC10695107","10.7717/peerj.16506","The raw data is available in the Supplemental File.",""
"PMC11677670","10.3390/jcm13247601","The data are presented in Supplementary Table S4.",""
"PMC10752972","10.3389/fimmu.2023.1309751","The original contributions presented in the study are included in the article/Supplementary Material. | The original contributions presented in the study are included in the article/Supplementary Material.",""
"PMC11982088","10.1007/s11136-025-03896-0","Data availabilityAll data generated or analyzed during this study are included in this published article [and its supplementary information files]. | All data generated or analyzed during this study are included in this published article [and its supplementary information files].",""
"PMC11884763","10.1093/brain/awae277","The authors confirm that the data supporting the findings of this study are available within the article and its supplementary material.",""
"PMC10097864","10.1038/s41598-023-33267-z","Data availabilityAll data generated or analyzed during this study are included in this published article. | All data generated or analyzed during this study are included in this published article.",""
"PMC8760716","10.1186/s13018-021-02906-4","All datasets generated for this research are included in this published article. | All datasets generated for this research are included in this published article.",""
"PMC10520975","10.3389/fneur.2023.1258464","The original contributions presented in the study are included in the article/supplementary material, further inquiries can be directed to the corresponding authors. | The original contributions presented in the study are included in the article/supplementary material, further inquiries can be directed to the corresponding authors.",""
"PMC9670925","10.1136/bmjopen-2022-061008","All data relevant to the study are included in the article or uploaded as online supplemental information. | The authors confirm that the data supporting the findings of this study are available within the article and its online supplemental materials. | All data relevant to the study are included in the article or uploaded as online supplemental information. | The authors confirm that the data supporting the findings of this study are available within the article and its online supplemental materials.",""
"PMC10624888","10.1038/s41598-023-45908-4","All data generated or analyzed during this study are presented in the manuscript. | All data generated or analyzed during this study are presented in the manuscript.",""
"PMC10886622","10.3390/biomedicines12020427","Data Availability StatementThe data used to support this study’s findings are included in this article. | The data used to support this study’s findings are included in this article.",""
"PMC11672105","10.1136/bmjebm-2023-112626","All data relevant to the study are included in the article or uploaded as online supplemental information. | All data relevant to the study are included in the article or uploaded as online supplemental information.",""
"PMC10693122","10.1186/s13018-023-04403-2","Availability of data and materialsThe original contributions presented in the study are included in the article/Supplementary material. | The original contributions presented in the study are included in the article/Supplementary material.",""
"PMC11331266","10.3389/fphar.2024.1397359","The original contributions presented in the study are included in the article/Supplementary Material, further inquiries can be directed to the corresponding authors. | The original contributions presented in the study are included in the article/Supplementary Material, further inquiries can be directed to the corresponding authors.",""
"PMC10019238","10.1097/MD.0000000000033262","All data generated or analyzed during this study are included in this published article [and its supplementary information files].",""
"PMC9434322","10.1093/pm/pnac009","Supplementary data are available at Pain Medicine online.",""
"PMC12480908","10.1038/s43856-025-01081-5","Supplementary Data 1 | Specifically, the source data for Figs. 1–6 and Tables 1–4 are provided in Supplementary Data 1. | Supplementary Data 1 | Specifically, the source data for Figs. 1–6 and Tables 1–4 are provided in Supplementary Data 1.",""
"PMC10043449","10.3389/fphar.2023.1114410","The original contributions presented in the study are included in the article/Supplementary Material, further inquiries can be directed to the corresponding authors. | The original contributions presented in the study are included in the article/Supplementary Material, further inquiries can be directed to the corresponding authors.",""
"PMC9423732","10.2147/NDT.S376408","The dataset supporting the conclusions of this article is included within the article and its additional file.",""
"PMC12654755","10.3390/medicina61111893","The original contributions presented in this study are included in the article and Supplementary Material. | The original contributions presented in this study are included in the article and Supplementary Material.",""
"PMC11432755","10.3390/life14091136","Data Availability StatementThe data presented in this study are available in the article and Supplementary Materials. | The data presented in this study are available in the article and Supplementary Materials.",""
"PMC11239513","10.3389/fphar.2024.1381936","The baseline data are provided in Table 1, the trial process is shown in Figure 1, and the baseline distribution of cases before and after propensity matching is shown in Supplementary Material S6, 7.",""
"PMC9771275","10.1097/MD.0000000000032334","All data generated or analyzed during this study are included in this published article [and its supplementary information files].",""
"PMC10262357","10.1186/s12891-023-06555-y","Data AvailabilityAll data generated or analyzed during this study are included in this published article. | All data generated or analyzed during this study are included in this published article.",""
"PMC10883545","10.1371/journal.pone.0297783","Data AvailabilityAll relevant data are within the paper and its Supporting information files.",""
"PMC8195240","10.3389/fphar.2021.673988","The original contributions presented in the study are included in the article/Supplementary Material, further inquiries can be directed to the corresponding author. | The original contributions presented in the study are included in the article/Supplementary Material, further inquiries can be directed to the corresponding author.",""
"PMC11816358","10.3389/fneur.2025.1529673","The original contributions presented in the study are included in the article/supplementary material, further inquiries can be directed to the corresponding author/s. | The original contributions presented in the study are included in the article/supplementary material, further inquiries can be directed to the corresponding author/s.",""
"PMC10385337","10.3390/medicina59071203","Data Availability StatementThe data presented in this study are contained within the article. | The data presented in this study are contained within the article.",""
"PMC10433223","10.3389/fmed.2023.1200592","The original contributions presented in the study are included in the article/Supplementary material, further inquiries can be directed to the corresponding author. | The original contributions presented in the study are included in the article/Supplementary material, further inquiries can be directed to the corresponding author.",""
"PMC9678397","10.1097/MD.0000000000031218","The data collected during the research will be stored and organized in the Harvard Dataverse repository (https://dataverse.harvard.edu).","https://dataverse.harvard.edu"
"PMC12169778","10.1016/j.jor.2025.05.062","All data generated or analysed during this study are included in this published article [and its supplementary information files].",""
"PMC11412710","10.1097/PR9.0000000000001181","All data generated or analyzed during this study are included in this published article.",""
"PMC10004612","10.1371/journal.pone.0282406","All relevant data are within the paper and its Supporting Information files. | All relevant data are within the paper and its Supporting Information files.",""
"PMC10624184","10.2147/JPR.S432601","All necessary data supporting our findings have been presented within the manuscript.",""
"PMC9417762","10.1155/2022/6297484","All data relevant to the study are included in the article. | All data relevant to the study are included in the article.",""
"PMC10015953","10.1186/s12937-023-00837-w","Availability of data and materialsAll data generated or analyzed during this study are included in this published article. | All data generated or analyzed during this study are included in this published article.",""
"PMC9524650","10.1371/journal.pone.0274990","The authors confirm that all data supporting the findings of this study and raw data can be accessed in the following data repository: https://osf.io/sa7ym/. | The authors confirm that all data supporting the findings of this study and raw data can be accessed in the following data repository: https://osf.io/sa7ym/.","https://osf.io/sa7ym/"
"PMC10343446","10.3390/nu15132830","According to the NHGRI-EBI Catalog of human genome-wide association studies (GWASs; https://www.ebi.ac.uk/gwas/efotraits/HP_0100607; accessed on 8 March 2023), eight triads have been reported: discomfort and pain occurring only during menstrual bleeding (UKB data field 21026); discomfort and pain occurring only during menstrual bleeding (UKB data field 21026; gene-based burden); dysmenorrhea (PheCode 626.2);","https://www.ebi.ac.uk/gwas/efotraits/HP_0100607"
"PMC9609802","10.3390/s22208069","Data Availability StatementAll data generated or analysed during this study are included in this published article. | All data generated or analysed during this study are included in this published article.",""
"PMC9981437","10.1097/MD.0000000000033006","All data generated or analyzed during this study are included in this published article [and its supplementary information files].",""
"PMC12279651","10.1007/s40122-025-00750-6","The data that support the findings of this study are included as supplementary files (Supplementary Table 1 and 2; | The data that support the findings of this study are included as supplementary files (Supplementary Table 1 and 2;",""
"PMC11404787","10.1371/journal.pone.0308548","Data AvailabilityAll relevant data are within the manuscript and its Supporting Information files. | We note that your Data Availability Statement is currently as follows: [All relevant data are within the manuscript and its Supporting Information files.]",""
"PMC12815882","10.3389/jaws.2025.15474","The original contributions presented in the study are included in the article/supplementary material, further inquiries can be directed to the corresponding author.",""
"PMC12355358","10.1515/med-2025-1235","The data supporting the findings of this study are available within the article.",""
"PMC9560062","10.1371/journal.pone.0276012","Data AvailabilityAll relevant data are within the paper and its Supporting information files. | ""Upon re-submitting your revised manuscript, please upload your study’s minimal underlying data set as either Supporting Information files or to a stable, public repository and include the relevant URLs, DOIs, or accession numbers within your revised cover letter. | We have uploaded my study’s minimal underlying data set as Supporting Information files. | We have uploaded my study’s minimal underlying data set as Supporting Information files.",""
"PMC9861203","10.3390/life13010175","The following supporting information can be downloaded at: https://www.mdpi.com/article/10.3390/life13010175/s1, Raw study data of this study are uploaded as a Supplementary File. | All data generated or analyzed during this study are included in Supplementary Information Files. | All data generated or analyzed during this study are included in Supplementary Information Files.","https://doi.org/10.3390/life13010175/s1"
"PMC12449355","10.1007/s00784-025-06563-3","Data availabilityData is provided within the manuscript or supplementary information files. | Data is provided within the manuscript or supplementary information files.",""
"PMC11139836","10.1186/s40798-024-00718-4","Availability of Data and MaterialsData are contained within the article and Supplementary Files. | Data are contained within the article and Supplementary Files.",""
"PMC8970874","10.1155/2022/6149052","The data generated or analyzed during this study are included within the article and Supplementary Materials. | The data generated or analyzed during this study are included within the article and Supplementary Materials.",""
"PMC8671929","10.1136/bmjopen-2020-048444","All data relevant to the study are included in the article or uploaded as supplementary information. | All data relevant to the study are included in the article or uploaded as supplementary information.",""
"PMC7176993","10.3389/fphar.2020.00440","All datasets generated for this study are included in the article/Supplementary Material. | All datasets generated for this study are included in the article/Supplementary Material.",""
"PMC10687358","10.3389/fsurg.2023.1281093","The original contributions presented in the study are included in the article/Supplementary Material, further inquiries can be directed to the corresponding author.",""
"PMC9311928","10.3390/ani12141844","The clinical data used to support the findings of this study are included within the article. | The clinical data used to support the findings of this study are included within the article.",""
"PMC9681129","10.1093/pm/pnac038","Supplementary data are available at Pain Medicine online.",""
"PMC11640009","10.3390/diagnostics14232729","A timeline of data collection is provided in Additional File 1:",""
"PMC9500481","10.3389/fphys.2022.961264","The original contributions presented in the study are included in the article/Supplementary Material, further inquiries can be directed to the corresponding author. | The original contributions presented in the study are included in the article/Supplementary Material, further inquiries can be directed to the corresponding author.",""
"PMC9717486","10.1186/s12891-022-05981-8","Availability of data and materialsAll data generated or analysed during this study are included in this published article. | All data generated or analysed during this study are included in this published article.",""
"PMC11684588","10.1371/journal.pone.0316126","Data AvailabilityAll relevant data are within the manuscript and its Supporting information files.",""
"PMC9180125","10.3390/ijerph19116410","Data Availability StatementThe data presented in this study are available in the article. | The data presented in this study are available in the article.",""
"PMC9686832","10.3389/fmed.2022.1029140","The original contributions presented in the study are included in the article, further inquiries can be directed to the corresponding author/s. | The original contributions presented in the study are included in the article, further inquiries can be directed to the corresponding author/s.",""
"PMC8710150","10.1155/2021/5433742","The data used to support the findings of this study are included within the article.",""
"PMC10322664","10.3344/kjp.23020","Data files are available from Harvard Dataverse: https://doi.org/10.7910/DVN/T4VB64.","https://doi.org/10.7910/DVN/T4VB64"
"PMC11816799","10.3390/diagnostics15030309","The original contributions presented in this study are included in the article/Supplementary Materials. | The original contributions presented in this study are included in the article/Supplementary Materials.",""
"PMC11051425","10.3390/jcm13082327","The original contributions presented in the study are included in the article; further inquiries can be directed to the corresponding author. | The original contributions presented in the study are included in the article; further inquiries can be directed to the corresponding author.",""
"PMC11039825","10.3389/fneur.2024.1366796","The original contributions presented in the study are included in the article/supplementary material; further inquiries can be directed to the corresponding author.",""
"PMC11191916","10.1097/MD.0000000000038325","All data generated or analyzed during this study are included in this published article [and its supplementary information files].",""
"PMC11620674","10.1371/journal.pone.0315175","All relevant data are within the paper and its Supporting Information files. | All relevant data are within the paper and its Supporting Information files.",""
"PMC10275803","10.1007/s00590-022-03356-2","Raw data have been submitted as supplementary material to the journal. | Raw data have been submitted as supplementary material to the journal.",""
"PMC10148480","10.1186/s12871-023-02088-y","All data generated or analysed during this study are included in this published article and its supplementary information files. | All data generated or analysed during this study are included in this published article and its supplementary information files.",""
"PMC7296921","10.1186/s13018-020-01741-3","Availability of data and materialsThe authors declare that all the data supporting the findings of this study are available within the article and its supplementary information files. | The authors declare that all the data supporting the findings of this study are available within the article and its supplementary information files.",""
"PMC11201859","10.1186/s12891-024-07501-2","All data generated or analyzed during this study are included in this published article. | All data generated or analyzed during this study are included in this published article.",""
"PMC9741318","10.3390/jcm11237182","Data Availability StatementThe data presented in this study are available in this article and its Supplementary Materials. | The data presented in this study are available in this article and its Supplementary Materials.",""
"PMC9354068","10.1177/02692155221097035","This meta-analysis met the guidelines provided by the Preferred Reporting Items for Systematic Reviews and Meta-Analyses (PRISMA).16 The International Open Science Framework Registry Link is https://doi.org/10.17605/OSF.IO/FHSD9.","https://doi.org/10.17605/OSF.IO/FHSD9"
"PMC11662483","10.1186/s12893-024-02706-7","The data presented in this meta-analysis are provided in this article/ Supplementary material. | The data presented in this meta-analysis are provided in this article/ Supplementary material.",""
"PMC8875852","10.3390/jcm11041123","Data Availability StatementThe data presented in this study are available in article and supplementary material. | The data presented in this study are available in article and supplementary material.",""
"PMC8092769","10.1371/journal.pone.0250685","All relevant data are within the paper and its Supporting information files. | All relevant data are within the paper and its Supporting information files.",""
"PMC9316366","10.1186/s12891-022-05679-x","All data generated or analysed during this study are included in this published article. | All data generated or analysed during this study are included in this published article.",""
"PMC9682226","10.1155/2022/5394441","The complete data set is available in Supplementary Table 1. | The data is available in spreadsheet fashion by contacting the corresponding author and as a supplementary table.",""
"PMC9581629","10.1155/2022/6151866","All data generated or analyzed during this study are included in this published article.",""
"PMC9500077","10.1038/s41598-022-19980-1","The data generated during this study are available within the article. | The data generated during this study are available within the article.",""
"PMC11519189","10.1007/s00590-024-04089-0"," All data generated or analyzed during this study are included in this published article. |  All data generated or analyzed during this study are included in this published article.",""
"PMC8266083","10.1371/journal.pone.0254262","All relevant data are within the paper and its Supporting Information files. | Upon re-submitting your revised manuscript, please upload your study’s minimal underlying data set as either Supporting Information files or to a stable, public repository and include the relevant URLs, DOIs, or accession numbers within your revised cover letter. | All relevant data are within the paper and its Supporting Information files.",""
"PMC7209286","10.1371/journal.pone.0232082","Upon re-submitting your revised manuscript, please upload your study’s minimal underlying data set as either Supporting Information files or to a stable, public repository and include the relevant URLs, DOIs, or accession numbers within your revised cover letter. | We uploaded the study’s minimal underlying data set as a Supporting Information file.",""
"PMC9097221","10.3389/fvets.2022.892306","The original contributions presented in the study are included in the article/Supplementary Material, further inquiries can be directed to the corresponding author.",""
"PMC8253394","10.1371/journal.pone.0253641","All relevant data are within the paper. | All relevant data are within the paper.",""
"PMC9597733","10.3390/ani12202808","All data generated or analysed during this study are included in this published article. | All data generated or analysed during this study are included in this published article.",""
"PMC8544466","10.3390/healthcare9101360","The data and the Stata code for this study are freely available on the Open Science Framework (https://doi.org/10.17605/OSF.IO/9M7FU (accessed on 12 October 2021)). | The data and the Stata code for this study are freely available on the Open Science Framework (https://doi.org/10.17605/OSF.IO/9M7FU (accessed on 12 October 2021)).","https://doi.org/10.17605/OSF.IO/9M7FU"
"PMC9437307","10.3389/fpubh.2022.925232","The original contributions presented in the study are included in the article/supplementary material, further inquiries can be directed to the corresponding author.",""
"PMC9308296","10.1186/s12891-022-05620-2","All data generated or analysed during this study are included in this published article. | All data generated or analysed during this study are included in this published article.",""
"PMC9343571","10.1186/s12905-022-01910-y","All data generated or analysed during this study are included in this published article. | All data generated or analysed during this study are included in this published article.",""
"PMC10030883","10.1136/bmjopen-2022-067129","All data relevant to the study are included in the article or uploaded as supplementary information. | All data relevant to the study are included in the article or uploaded as supplementary information.",""
"PMC9925075","10.1371/journal.pone.0281206","All relevant data are within the paper and its Supporting Information files. | All relevant data are within the paper and its Supporting Information files.",""
"PMC7064290","10.2147/JPR.S240911","The datasets generated, analyzed and reported within this manuscript may be requested in accordance with the Data Sharing Policy of Mundipharma Research Limited available from www.mundipharma-rd.eu.",""
"PMC7839877","10.1136/openhrt-2020-001474","This systematic review and meta-analysis was performed according to the Preferred Reporting Items for Systematic Reviews and Meta-analysis (PRISMA) guidelines (see online supplementary data S1) and was registered in the PROSPERO database (https://www.crd.york.ac.uk/PROSPERO) as record number CRD42020149733.20 | Online Supplementary data S2 gives a detailed description of the search terms and results per database. | The forest and funnel plots concerned are shown in Supplementary data S5).",""
"PMC9520262","10.3389/fmed.2022.956188","The original contributions presented in this study are included in the article/supplementary material, further inquiries can be directed to the corresponding author. | The original contributions presented in this study are included in the article/supplementary material, further inquiries can be directed to the corresponding author.",""
"PMC10612310","10.1186/s12891-023-06966-x","Availability of data and materialsHashida, Ryuki, 2022, ""The impact of spinal surgery on the locomotive syndrome in patients with lumbar spinal stenosis,"" “https://dataverse.harvard.edu/dataset.xhtml?persistentId=doi:10.7910/DVN/QPA7XO”, Harvard Dataverse, DRAFT VERSION. | Hashida, Ryuki, 2022, ""The impact of spinal surgery on the locomotive syndrome in patients with lumbar spinal stenosis,"" “https://dataverse.harvard.edu/dataset.xhtml?persistentId=doi:10.7910/DVN/QPA7XO”, Harvard Dataverse, DRAFT VERSION.","https://doi.org/10.7910/DVN/QPA7XO” ; https://dataverse.harvard.edu/dataset.xhtml?persistentId=doi:10.7910/DVN/QPA7XO”"
"PMC9267331","10.3390/jcm11133687","Data Availability StatementThe data used to support the findings of this study are available in the Supplementary Files. | The data used to support the findings of this study are available in the Supplementary Files.",""
"PMC9866023","10.3390/life13010126","All obtained data is available in the case report or in the supplementary materials. | All obtained data is available in the case report or in the supplementary materials.",""
"PMC8554065","10.3389/fsurg.2021.748880","The original contributions presented in the study are included in the article/supplementary material, further inquiries can be directed to the corresponding author. | The original contributions presented in the study are included in the article/supplementary material, further inquiries can be directed to the corresponding author.",""
"PMC8358232","10.1002/hsr2.354","The authors confirm that the data supporting the findings of this study are available within the article [and/or] its supplementary materials. | The authors confirm that the data supporting the findings of this study are available within the article [and/or] its supplementary materials.",""
"PMC10222609","10.3390/medicina59050870","Data Availability StatementAll data generated or analyzed are included in this published article. | All data generated or analyzed are included in this published article.",""
"PMC9387897","10.3389/fphar.2022.962671","The original contributions presented in the study are included in the article/Supplementary Materials, further inquiries can be directed to the corresponding authors.",""
"PMC10230245","10.1093/ejo/cjac067","The authors confirm that the data supporting the findings of this study are available within the article or its supplementary materials. | The authors confirm that the data supporting the findings of this study are available within the article or its supplementary materials.",""
"PMC9783720","10.1186/s12884-022-05202-z","Availability of data and materialsThe dataset used for the quantitative analysis of the acceptability questionnaires is available in additional file 4.",""
"PMC10183428","10.1007/s00167-022-07212-y","Data availabilityThe data underlying this article are available in the article and in its online supplementary material. | The data underlying this article are available in the article and in its online supplementary material.",""
"PMC8557559","10.1186/s13287-021-02631-z","Hematology and biochemistry data from patients in trial.Additional file 2:",""
"PMC9154191","10.1371/journal.pone.0269282","Data AvailabilityAll relevant data are within the paper and its Supporting Information files. | Upon re-submitting your revised manuscript, please upload your study’s minimal underlying data set as either Supporting Information files or to a stable, public repository and include the relevant URLs, DOIs, or accession numbers within your revised cover letter.",""
"PMC8202539","10.1186/s13018-021-02516-0","Availability of data and materialsAll data generated or analyzed during this study are included in this published article. | All data generated or analyzed during this study are included in this published article.",""
"PMC9314524","10.1007/s40122-022-00391-z","The POMS data are reported in Table 7 and Supplementary Table 2.",""
"PMC9017052","10.1186/s13018-022-03124-2","Availability of data and materialsAll data generated or analysed during this study are included in this published article.  | All data generated or analysed during this study are included in this published article. ",""
"PMC9752033","10.3389/fpsyt.2022.1051324","The original contributions presented in this study are included in the article/Supplementary material, further inquiries can be directed to the corresponding author. | The original contributions presented in this study are included in the article/Supplementary material, further inquiries can be directed to the corresponding author.",""
"PMC8082138","10.3389/fphar.2021.643874","The datasets presented in this study can be found in online repositories.",""
"PMC9913732","10.3390/ani13030364","The data presented in this study are available in the Supplementary Material according to “MDPI Research Data Policies”. | The data presented in this study are available in the Supplementary Material according to “MDPI Research Data Policies”.",""
"PMC9374544","10.1155/2022/9110414","The data generated or analyzed during this study are included within the article and supplementary file. | The data generated or analyzed during this study are included within the article and supplementary file.",""
"PMC7870173","10.1097/MD.0000000000024252","All data generated or analyzed during this study are included in this published article [and its supplementary information files].",""
"PMC9110240","10.1155/2022/9939891","The research data used to support the findings of this study are included within the article.",""
"PMC6518678","10.1186/s13075-019-1899-6","The datasets supporting the conclusions of this article are included within the article.",""
"PMC11543985","10.1007/s40122-024-00647-w","Data AvailabilityAll data generated or analyzed during this study are included in this published article/as supplementary information files. | All data generated or analyzed during this study are included in this published article/as supplementary information files.",""
"PMC7371437","10.2147/JPR.S255532","The datasets generated, analyzed and reported within this manuscript may be requested in accordance with the Data Sharing Policy of Mundipharma Research Limited available from www.mundipharma-rd.eu.",""
"PMC8004142","10.3390/ph14030284","Dietary habits of IBD patients also did not influence the quantity of serum vitamin D (data presented in Supplementary Materials).",""
"PMC8222976","10.3389/fonc.2021.646315","The original contributions presented in the study are included in the article/Supplementary Material. | The original contributions presented in the study are included in the article/Supplementary Material.",""
"PMC9598481","10.3390/bioengineering9100598","All the data generated or analysed during this study were included in this published article. | All the data generated or analysed during this study were included in this published article.",""
"PMC8646353","10.1186/s13063-021-05856-8","The study documents, such as informed consents, inclusion and exclusion criteria, and source data are checked four times a year for an independent researcher, who is not involved with the present study.",""
"PMC10249871","10.1371/journal.pone.0278086","Data AvailabilityRaw data was uploaded to the repository Figshare as recommended and is available at: dx.doi.org/10.6084/m9.figshare.6025748.","https://doi.org/10.6084/m9.figshare.6025748"
"PMC9265800","10.3390/ijerph19137793","Data Availability StatementThe authors declare that all relevant data supporting the findings of the study are available within the manuscript. | The authors declare that all relevant data supporting the findings of the study are available within the manuscript.",""
"PMC10267337","10.3389/fnins.2023.1097475","The original contributions presented in the study are included in the article/Supplementary material, further inquiries can be directed to the corresponding authors. | The original contributions presented in the study are included in the article/Supplementary material, further inquiries can be directed to the corresponding authors.",""
"PMC10182658","10.1186/s12903-023-02846-x","All data generated or analyzed during this study are included in this published article. | All data generated or analyzed during this study are included in this published article.",""
"PMC8787110","10.3389/fmed.2021.792436","The original contributions presented in the study are included in the article/Supplementary Material, further inquiries can be directed to the corresponding authors. | The original contributions presented in the study are included in the article/Supplementary Material, further inquiries can be directed to the corresponding authors.",""
"PMC9257130","10.3389/fmed.2022.902908","The original contributions presented in this study are included in the article/supplementary material, further inquiries can be directed to the corresponding author.",""
"PMC9335965","10.1186/s12871-022-01747-w","All data generated or analysed during this study are included in this published article [and its supplementary information files]. | All data generated or analysed during this study are included in this published article [and its supplementary information files].",""
"PMC9977820","10.3389/fphar.2023.1128924","The original contributions presented in the study are included in the article/Supplementary Material. | The original contributions presented in the study are included in the article/Supplementary Material.",""
"PMC10739891","10.1038/s41598-023-50206-0","The extracted data are available in the supplement. | The extracted data set is available in supplement. | The extracted data set is available in supplement.",""
"PMC8915773","10.3389/fpain.2021.749801","The original contributions presented in the study are included in the article/supplementary material, further inquiries can be directed to the corresponding author.",""
"PMC7909707","10.1371/journal.pone.0247653","Data is available at https://doi.org/10.6084/m9.figshare.14009030. | Data is available at https://doi.org/10.6084/m9.figshare.14009030.","https://doi.org/10.6084/m9.figshare.14009030"
"PMC9273777","10.3389/fphys.2022.835269","The original contributions presented in the study are included in the article/Supplementary Materials, further inquiries can be directed to the corresponding authors.",""
"PMC6822789","10.1007/s12325-019-01055-9","The datasets generated, analyzed and reported within this manuscript may be requested in accordance with the Data Sharing Policy of Mundipharma Research Limited available from www.mundipharma-rd.eu.",""
"PMC13527776","10.3389/fdmed.2026.1783623","The original contributions presented in the study are included in the article/Supplementary Material, further inquiries can be directed to the corresponding author/s. | The original contributions presented in the study are included in the article/Supplementary Material, further inquiries can be directed to the corresponding author/s.",""
"PMC7952182","10.1155/2021/6625126","All data generated or analyzed during this study are included within this article. | All data generated or analyzed during this study are included within this article.",""
"PMC4540286","10.1371/journal.pone.0135735","All relevant data are within the paper. | All relevant data are within the paper.",""
"PMC6300453","10.1186/s40634-018-0169-x","All data generated or analysed during this study are included in this published article.",""
"PMC7727207","10.1186/s13018-020-02139-x","Availability of data and materialsAll data generated or analysed during this study are included in this published article. | All data generated or analysed during this study are included in this published article.",""
"PMC4608770","10.1371/journal.pone.0140330","Data AvailabilityData are available at Dryad - DOI: doi:10.5061/dryad.2b09s.","https://doi.org/10.5061/dryad.2b09s"
"PMC8189809","10.1155/2021/6638392","The data used to support the findings of this study are included within the article.",""
"PMC8933066","10.1155/2022/1384609","The data used to support the findings of this study are included within the article. | The data used to support the findings of this study are included within the article.",""
"PMC8794657","10.1155/2022/2768444","The table data used to support the findings of this study are included within the article. | The table data used to support the findings of this study are included within the article.",""
"PMC8180029","10.1186/s12917-021-02913-x","Availability of data and materialsAll data generated or analyzed during this study are included in this published article. | All data generated or analyzed during this study are included in this published article.",""
"PMC7899831","10.1097/MD.0000000000024512","All data generated or analyzed during this study are included in this published article [and its supplementary information files].",""
"PMC8419220","10.3389/fphar.2021.718060","The original contributions presented in the study are included in the article/Supplementary Material; further inquiries can be directed to the corresponding author. | The original contributions presented in the study are included in the article/Supplementary Material; further inquiries can be directed to the corresponding author.",""
"PMC7935604","10.1155/2021/6644262","The data used to support the findings of this study are included in the article.",""
"PMC7360295","10.1097/MD.0000000000021131","All data generated or analyzed during this study are included in this published article [and its supplementary information files].",""
"PMC8859907","10.1186/s13018-022-03010-x","The dataset supporting the conclusions of this article is included within the article. | The dataset supporting the conclusions of this article is included within the article.",""
"PMC7161292","10.1186/s12891-020-03269-3","All data generated or analyzed during this study are presented in the manuscript. | All data generated or analyzed during this study are presented in the manuscript.",""
"PMC8878739","10.1097/MD.0000000000028838","All data generated or analyzed during this study are included in this published article [and its supplementary information files].",""
"PMC8389030","10.3390/antiox10081237","Data Availability StatementThe data presented in this study are available in article. | The data presented in this study are available in article.",""
"PMC4805254","10.1371/journal.pone.0151972","Data AvailabilityData files are available from the Figshare database (https://figshare.com/s/b082bfe0a5f353b8d8c0).","https://figshare.com/s/b082bfe0a5f353b8d8c0"
"PMC8291152","10.4317/jced.58084","The cost of the visit (laser application session) was based on data presented by healthcare operators in Brazil and the treatment considered hospital costs in Brazil, following information from TUSS (Unified Terminology for Supplementary Health - Medical Procedures), with code and description:",""
"PMC7082916","10.1186/s12955-020-01321-3","All data analyzed during this study are included in this published article. | All data analyzed during this study are included in this published article.",""
"PMC7079431","10.1186/s12905-020-00920-y","Availability of data and materialsAll data generated or analyzed during this study are included in this published article [and its supplementary information files]. | All data generated or analyzed during this study are included in this published article [and its supplementary information files].",""
"PMC7085398","10.1155/2020/1035182","The data used to support the findings of this study are included within the article. | The data used to support the findings of this study are included within the article.",""
"PMC7106712","10.1186/s12969-020-00421-0","All data generated or analysed during this study are included in this published article [and its supplementary information files]. | All data generated or analysed during this study are included in this published article [and its supplementary information files].",""
"PMC5432976","10.1186/s12891-017-1552-y","All data generated or analyzed during this study are presented in the manuscript.",""
"PMC7077110","10.1186/s12955-020-01322-2","The supporting data for this study is available as supplementary material. | The supporting data for this study is available as supplementary material.",""
"PMC10364340","10.52054/FVVO.14.4.042","The data that support the finding of this study are uploaded into the Mendeley data repository; https://data.mendeley.com/datasets/tv6rs85pmx/1",""
"PMC4679993","10.1136/bmjopen-2015-008283","Data on additional research, regarding the mediation analysis on the working mechanism of pain exposure physical therapy, are available through https://osf.io/q5js8/.","https://osf.io/q5js8/"
"PMC6885282","10.1155/2019/9828397","The data used to support the findings of this study are included within the article. | The data used to support the findings of this study are included within the article.",""
"PMC9327269","10.1186/s13741-022-00270-3","All data generated or analyzed during this study are included in this published article. | All data generated or analyzed during this study are included in this published article.",""
"PMC4188608","10.1371/journal.pone.0109827","Data are available from Figshare using the link http://dx.doi.org/10.6084/m9.figshare.1112399.","https://doi.org/10.6084/m9.figshare.1112399"
"PMC6008702","10.1155/2018/8261090","The datasets supporting the conclusions of this article are included within the article. | The datasets supporting the conclusions of this article are included within the article.",""
"PMC4411793","10.1186/s13075-015-0554-0","Next, a number of scenario analyses were performed:Comparative efficacy of a lower diclofenac dose of 100 mg/day, versus the interventions of interest with the maximum dosage allowed in OAComparative efficacy of 150 mg/day diclofenac versus interventions of interest with the maximum dosage allowed in RA (celecoxib 400 mg/day and etoricoxib 90 mg/day)Comparative efficacy of 100 mg/day diclofenac versus interventions of interest with the maximum dosage allowed in RA (celecoxib 400 mg/day and etoricoxib 90 mg/day)Combining all doses of NSAIDs and COXIBs in OA and RA into a dose range, namely: diclofenac 75 to 150 mg/day, naproxen 500 to 1,000 mg/day, ibuprofen 1,200 to 2,400 mg/day, celecoxib 100 to 400 mg/day, and etoricoxib 30 to 90 mg/dayCombining VAS and Likert scales using effect sizes, as described in the Methods sectionIncluding studies with at least 100 patients in each treatment arm (data available in Additional file 7)Including only studies recruiting patients after 1999, as a proxy for improved study design according to current standards (data available in Additional file 7). | Including studies with at least 100 patients in each treatment arm (data available in Additional file 7) | Including only studies recruiting patients after 1999, as a proxy for improved study design according to current standards (data available in Additional file 7).",""
